Código Departamento,Nombre Departamento,Código Municipio,Nombre Municipio
05,Antioquia,001,MEDELLIN
05,Antioquia,002,ABEJORRAL
05,Antioquia,004,ABRIAQUI
05,Antioquia,021,ALEJANDRIA
05,Antioquia,030,AMAGA
05,Antioquia,031,AMALFI
05,Antioquia,034,ANDES
05,Antioquia,036,ANGELOPOLIS
05,Antioquia,038,ANGOSTURA
05,Antioquia,040,ANORI
05,Antioquia,042,ANTIOQUIA
05,Antioquia,044,ANZA
05,Antioquia,045,APARTADO
05,Antioquia,051,ARBOLETES
05,Antioquia,055,ARGELIA
05,Antioquia,059,ARMENIA
05,Antioquia,079,BARBOSA
05,Antioquia,086,BELMIRA
05,Antioquia,088,BELLO
05,Antioquia,091,BETANIA
05,Antioquia,093,BETULIA
05,Antioquia,101,BOLIVAR
05,Antioquia,107,BRICEÑO
05,Antioquia,113,BURITICA
05,Antioquia,120,CACERES
05,Antioquia,125,CAICEDO
05,Antioquia,129,CALDAS
05,Antioquia,134,CAMPAMENTO
05,Antioquia,138,CAÑASGORDAS
05,Antioquia,142,CARACOLI
05,Antioquia,145,CARAMANTA
05,Antioquia,147,CAREPA
05,Antioquia,148,CARMEN DE VIBORAL
05,Antioquia,150,CAROLINA
05,Antioquia,154,CAUCASIA
05,Antioquia,172,CHIGORODO
05,Antioquia,190,CISNEROS
05,Antioquia,197,COCORNA
05,Antioquia,206,CONCEPCION
05,Antioquia,209,CONCORDIA
05,Antioquia,212,COPACABANA
05,Antioquia,234,DABEIBA
05,Antioquia,237,DON MATIAS
05,Antioquia,240,EBEJICO
05,Antioquia,250,EL BAGRE
05,Antioquia,264,ENTRERRIOS
05,Antioquia,266,ENVIGADO
05,Antioquia,282,FREDONIA
05,Antioquia,284,FRONTINO
05,Antioquia,306,GIRALDO
05,Antioquia,308,GIRARDOTA
05,Antioquia,310,GOMEZ PLATA
05,Antioquia,313,GRANADA
05,Antioquia,315,GUADALUPE
05,Antioquia,318,GUARNE
05,Antioquia,321,GUATAPE
05,Antioquia,347,HELICONIA
05,Antioquia,353,HISPANIA
05,Antioquia,360,ITAGUI
05,Antioquia,361,ITUANGO
05,Antioquia,364,JARDIN
05,Antioquia,368,JERICO
05,Antioquia,376,LA CEJA
05,Antioquia,380,LA ESTRELLA
05,Antioquia,390,LA PINTADA
05,Antioquia,400,LA UNION
05,Antioquia,411,LIBORINA
05,Antioquia,425,MACEO
05,Antioquia,440,MARINILLA
05,Antioquia,467,MONTEBELLO
05,Antioquia,475,MURINDO
05,Antioquia,480,MUTATA
05,Antioquia,483,NARIÑO
05,Antioquia,490,NECOCLI
05,Antioquia,495,NECHI
05,Antioquia,501,OLAYA
05,Antioquia,541,PEÑOL
05,Antioquia,543,PEQUE
05,Antioquia,576,PUEBLORRICO
05,Antioquia,579,PUERTO BERRIO
05,Antioquia,585,"PUERTO NARE (LA 
MAGDALENA)"
05,Antioquia,591,PUERTO TRIUNFO
05,Antioquia,604,REMEDIOS
05,Antioquia,607,RETIRO
05,Antioquia,615,RIONEGRO
05,Antioquia,628,SABANALARGA
05,Antioquia,631,SABANETA
05,Antioquia,642,SALGAR
05,Antioquia,647,SAN ANDRES
05,Antioquia,649,SAN CARLOS
05,Antioquia,652,SAN FRANCISCO
05,Antioquia,656,SAN JERONIMO
05,Antioquia,658,SAN JOSE DE LA MONTAÑA
05,Antioquia,659,SAN JUAN DE URABA
05,Antioquia,660,SAN LUIS
05,Antioquia,664,SAN PEDRO
05,Antioquia,665,SAN PEDRO DE URABA
05,Antioquia,667,SAN RAFAEL
05,Antioquia,670,SAN ROQUE
05,Antioquia,674,SAN VICENTE
05,Antioquia,679,SANTA BARBARA
05,Antioquia,686,SANTA ROSA DE OSOS
05,Antioquia,690,SANTO DOMINGO
05,Antioquia,697,SANTUARIO
05,Antioquia,736,SEGOVIA
05,Antioquia,756,SONSON
05,Antioquia,761,SOPETRAN
05,Antioquia,789,TAMESIS
05,Antioquia,790,TARAZA
05,Antioquia,792,TARSO
05,Antioquia,809,TITIRIBI
05,Antioquia,819,TOLEDO
05,Antioquia,837,TURBO
05,Antioquia,842,URAMITA
05,Antioquia,847,URRAO
05,Antioquia,854,VALDIVIA
05,Antioquia,856,VALPARAISO
05,Antioquia,858,VEGACHI
05,Antioquia,861,VENECIA
05,Antioquia,873,VIGIA DEL FUERTE
05,Antioquia,885,YALI
05,Antioquia,887,YARUMAL
05,Antioquia,890,YOLOMBO
05,Antioquia,893,YONDO
05,Antioquia,895,ZARAGOZA
08,Atlantico,001,"BARRANQUILLA (DISTRITO 
ESPECIAL, INDUSTRIAL Y 
PORTUARIO DE BARRANQUILLA)"
08,Atlantico,078,BARANOA
08,Atlantico,137,CAMPO DE LA CRUZ
08,Atlantico,141,CANDELARIA
08,Atlantico,296,GALAPA
08,Atlantico,372,JUAN DE ACOSTA
08,Atlantico,421,LURUACO
08,Atlantico,433,MALAMBO
08,Atlantico,436,MANATI
08,Atlantico,520,PALMAR DE VARELA
08,Atlantico,549,PIOJO
08,Atlantico,558,POLO NUEVO
08,Atlantico,560,PONEDERA
08,Atlantico,573,PUERTO COLOMBIA
08,Atlantico,606,REPELON
08,Atlantico,634,SABANAGRANDE
08,Atlantico,638,SABANALARGA
08,Atlantico,675,SANTA LUCIA
08,Atlantico,685,SANTO TOMAS
08,Atlantico,758,SOLEDAD
08,Atlantico,770,SUAN
08,Atlantico,832,TUBARA
08,Atlantico,849,USIACURI
11,Santa Fe de Bogotá,001,"SANTA FE DE BOGOTA, D. C."
11,Santa Fe de Bogotá,001,"SANTAFE DE BOGOTA D.C.-
USAQUEN"
11,Santa Fe de Bogotá,002,"SANTAFE DE BOGOTA D.C.-
CHAPINERO"
11,Santa Fe de Bogotá,003,"SANTAFE DE BOGOTA D.C.-
SANTA FE"
11,Santa Fe de Bogotá,004,"SANTAFE DE BOGOTA D.C.-
SAN CRISTOBAL"
11,Santa Fe de Bogotá,005,"SANTAFE DE BOGOTA D.C.- 
USME"
11,Santa Fe de Bogotá,006,"SANTAFE DE BOGOTA D.C.-
TUNJUELITO"
11,Santa Fe de Bogotá,007,"SANTAFE DE BOGOTA D.C.-
BOSA"
11,Santa Fe de Bogotá,008,"SANTAFE DE BOGOTA D.C.-
KENNEDY"
11,Santa Fe de Bogotá,009,"SANTAFE DE BOGOTA D.C.-
FONTIBON"
11,Santa Fe de Bogotá,010,"SANTAFE DE BOGOTA D.C.-
ENGATIVA"
11,Santa Fe de Bogotá,011,"SANTAFE DE BOGOTA D.C.-
SUBA"
11,Santa Fe de Bogotá,012,"SANTAFE DE BOGOTA D.C.-
BARRIOS UNIDOS"
11,Santa Fe de Bogotá,013,"SANTAFE DE BOGOTA D.C.-
TEUSAQUILLO"
11,Santa Fe de Bogotá,014,"SANTAFE DE BOGOTA D.C.-
MARTIRES"
11,Santa Fe de Bogotá,015,"SANTAFE DE BOGOTA D.C.-
ANTONIO NARIÑO"
11,Santa Fe de Bogotá,016,"SANTAFE DE BOGOTA D.C.-
PUENTE ARANDA"
11,Santa Fe de Bogotá,017,"SANTAFE DE BOGOTA D.C.-
CANDELARIA"
11,Santa Fe de Bogotá,018,"SANTAFE DE BOGOTA D.C.-
RAFAEL URIBE"
11,Santa Fe de Bogotá,019,"SANTAFE DE BOGOTA D.C.-
CIUDAD BOLIVAR"
11,Santa Fe de Bogotá,020,"SANTAFE DE BOGOTA D.C.-
SUMAPAZ"
13,Bolivar,001,"CARTAGENA (DISTRITO 
TURISTICO Y CULTURAL DE 
CARTAGENA)"
13,Bolivar,006,ACHI
13,Bolivar,030,ALTOS DEL ROSARIO
13,Bolivar,042,ARENAL
13,Bolivar,052,ARJONA
13,Bolivar,062,ARROYOHONDO
13,Bolivar,074,BARRANCO DE LOBA
13,Bolivar,140,CALAMAR
13,Bolivar,160,CANTAGALLO
13,Bolivar,188,CICUCO
13,Bolivar,212,CORDOBA
13,Bolivar,222,CLEMENCIA
13,Bolivar,244,EL CARMEN DE BOLIVAR
13,Bolivar,248,EL GUAMO
13,Bolivar,268,EL PEÑON
13,Bolivar,300,HATILLO DE LOBA
13,Bolivar,430,MAGANGUE
13,Bolivar,433,MAHATES
13,Bolivar,440,MARGARITA
13,Bolivar,442,MARIA LA BAJA
13,Bolivar,458,MONTECRISTO
13,Bolivar,468,MOMPOS
13,Bolivar,473,MORALES
13,Bolivar,549,PINILLOS
13,Bolivar,580,REGIDOR
13,Bolivar,600,RIO VIEJO
13,Bolivar,620,SAN CRISTOBAL
13,Bolivar,647,SAN ESTANISLAO
13,Bolivar,650,SAN FERNANDO
13,Bolivar,654,SAN JACINTO
13,Bolivar,655,SAN JACINTO DEL CAUCA
13,Bolivar,657,SAN JUAN NEPOMUCENO
13,Bolivar,667,SAN MARTIN DE LOBA
13,Bolivar,670,SAN PABLO
13,Bolivar,673,SANTA CATALINA
13,Bolivar,683,SANTA ROSA
13,Bolivar,688,SANTA ROSA DEL SUR
13,Bolivar,744,SIMITI
13,Bolivar,760,SOPLAVIENTO
13,Bolivar,780,TALAIGUA NUEVO
13,Bolivar,810,TIQUISIO (PUERTO RICO)
13,Bolivar,836,TURBACO
13,Bolivar,838,TURBANA
13,Bolivar,873,VILLANUEVA
13,Bolivar,894,ZAMBRANO
15,Boyaca,001,TUNJA
15,Boyaca,022,ALMEIDA
15,Boyaca,047,AQUITANIA
15,Boyaca,051,ARCABUCO
15,Boyaca,087,BELEN
15,Boyaca,090,BERBEO
15,Boyaca,092,BETEITIVA
15,Boyaca,097,BOAVITA
15,Boyaca,104,BOYACA
15,Boyaca,106,BRICEÑO
15,Boyaca,109,BUENAVISTA
15,Boyaca,114,BUSBANZA
15,Boyaca,131,CALDAS
15,Boyaca,135,CAMPOHERMOSO
15,Boyaca,162,CERINZA
15,Boyaca,172,CHINAVITA
15,Boyaca,176,CHIQUINQUIRA
15,Boyaca,180,CHISCAS
15,Boyaca,183,CHITA
15,Boyaca,185,CHITARAQUE
15,Boyaca,187,CHIVATA
15,Boyaca,189,CIENEGA
15,Boyaca,204,COMBITA
15,Boyaca,212,COPER
15,Boyaca,215,CORRALES
15,Boyaca,218,COVARACHIA
15,Boyaca,223,CUBARA
15,Boyaca,224,CUCAITA
15,Boyaca,226,CUITIVA
15,Boyaca,232,CHIQUIZA
15,Boyaca,236,CHIVOR
15,Boyaca,238,DUITAMA
15,Boyaca,244,EL COCUY
15,Boyaca,248,EL ESPINO
15,Boyaca,272,FIRAVITOBA
15,Boyaca,276,FLORESTA
15,Boyaca,293,GACHANTIVA
15,Boyaca,296,GAMEZA
15,Boyaca,299,GARAGOA
15,Boyaca,317,GUACAMAYAS
15,Boyaca,322,GUATEQUE
15,Boyaca,325,GUAYATA
15,Boyaca,332,GUICAN
15,Boyaca,362,IZA
15,Boyaca,367,JENESANO
15,Boyaca,368,JERICO
15,Boyaca,377,LABRANZAGRANDE
15,Boyaca,380,LA CAPILLA
15,Boyaca,401,LA VICTORIA
15,Boyaca,403,LA UVITA
15,Boyaca,407,VILLA DE LEIVA
15,Boyaca,425,MACANAL
15,Boyaca,442,MARIPI
15,Boyaca,455,MIRAFLORES
15,Boyaca,464,MONGUA
15,Boyaca,466,MONGUI
15,Boyaca,469,MONIQUIRA
15,Boyaca,476,MOTAVITA
15,Boyaca,480,MUZO
15,Boyaca,491,NOBSA
15,Boyaca,494,NUEVO COLON
15,Boyaca,500,OICATA
15,Boyaca,507,OTANCHE
15,Boyaca,511,PACHAVITA
15,Boyaca,514,PAEZ
15,Boyaca,516,PAIPA
15,Boyaca,518,PAJARITO
15,Boyaca,522,PANQUEBA
15,Boyaca,531,PAUNA
15,Boyaca,533,PAYA
15,Boyaca,537,PAZ DEL RIO
15,Boyaca,542,PESCA
15,Boyaca,550,PISBA
15,Boyaca,572,PUERTO BOYACA
15,Boyaca,580,QUIPAMA
15,Boyaca,599,RAMIRIQUI
15,Boyaca,600,RAQUIRA
15,Boyaca,621,RONDON
15,Boyaca,632,SABOYA
15,Boyaca,638,SACHICA
15,Boyaca,646,SAMACA
15,Boyaca,660,SAN EDUARDO
15,Boyaca,664,SAN JOSE DE PARE
15,Boyaca,667,SAN LUIS DE GACENO
15,Boyaca,673,SAN MATEO
15,Boyaca,676,SAN MIGUEL DE SEMA
15,Boyaca,681,SAN PABLO DE BORBUR
15,Boyaca,686,SANTANA
15,Boyaca,690,SANTA MARIA
15,Boyaca,693,SANTA ROSA DE VITERBO
15,Boyaca,696,SANTA SOFIA
15,Boyaca,720,SATIVANORTE
15,Boyaca,723,SATIVASUR
15,Boyaca,740,SIACHOQUE
15,Boyaca,753,SOATA
15,Boyaca,755,SOCOTA
15,Boyaca,757,SOCHA
15,Boyaca,759,SOGAMOSO
15,Boyaca,761,SOMONDOCO
15,Boyaca,762,SORA
15,Boyaca,763,SOTAQUIRA
15,Boyaca,764,SORACA
15,Boyaca,774,SUSACON
15,Boyaca,776,SUTAMARCHAN
15,Boyaca,778,SUTATENZA
15,Boyaca,790,TASCO
15,Boyaca,798,TENZA
15,Boyaca,804,TIBANA
15,Boyaca,806,TIBASOSA
15,Boyaca,808,TINJACA
15,Boyaca,810,TIPACOQUE
15,Boyaca,814,TOCA
15,Boyaca,816,TOGUI
15,Boyaca,820,TOPAGA
15,Boyaca,822,TOTA
15,Boyaca,832,TUNUNGUA
15,Boyaca,835,TURMEQUE
15,Boyaca,837,TUTA
15,Boyaca,839,TUTASA
15,Boyaca,842,UMBITA
15,Boyaca,861,VENTAQUEMADA
15,Boyaca,879,VIRACACHA
15,Boyaca,897,ZETAQUIRA
17,Caldas,001,MANIZALES
17,Caldas,013,AGUADAS
17,Caldas,042,ANSERMA
17,Caldas,050,ARANZAZU
17,Caldas,088,BELALCAZAR
17,Caldas,174,CHINCHINA
17,Caldas,272,FILADELFIA
17,Caldas,380,LA DORADA
17,Caldas,388,LA MERCED
17,Caldas,433,MANZANARES
17,Caldas,442,MARMATO
17,Caldas,444,MARQUETALIA
17,Caldas,446,MARULANDA
17,Caldas,486,NEIRA
17,Caldas,495,NORCASIA
17,Caldas,513,PACORA
17,Caldas,524,PALESTINA
17,Caldas,541,PENSILVANIA
17,Caldas,614,RIOSUCIO
17,Caldas,616,RISARALDA
17,Caldas,653,SALAMINA
17,Caldas,662,SAMANA
17,Caldas,665,SAN JOSE
17,Caldas,777,SUPIA
17,Caldas,867,VICTORIA
17,Caldas,873,VILLAMARIA
17,Caldas,877,VITERBO
18,Caqueta,001,FLORENCIA
18,Caqueta,029,ALBANIA
18,Caqueta,094,BELEN DE LOS ANDAQUIES
18,Caqueta,150,CARTAGENA DEL CHAIRA
18,Caqueta,205,CURILLO
18,Caqueta,247,EL DONCELLO
18,Caqueta,256,EL PAUJIL
18,Caqueta,410,LA MONTAÑITA
18,Caqueta,460,MILAN
18,Caqueta,479,MORELIA
18,Caqueta,592,PUERTO RICO
18,Caqueta,610,SAN JOSE DE FRAGUA
18,Caqueta,753,SAN  VICENTE DEL CAGUAN
18,Caqueta,756,SOLANO
18,Caqueta,785,SOLITA
18,Caqueta,860,VALPARAISO
19,Cauca,001,POPAYAN
19,Cauca,022,ALMAGUER
19,Cauca,050,ARGELIA
19,Cauca,075,BALBOA
19,Cauca,100,BOLIVAR
19,Cauca,110,BUENOS AIRES
19,Cauca,130,CAJIBIO
19,Cauca,137,CALDONO
19,Cauca,142,CALOTO
19,Cauca,212,CORINTO
19,Cauca,256,EL TAMBO
19,Cauca,290,FLORENCIA
19,Cauca,318,GUAPI
19,Cauca,355,INZA
19,Cauca,364,JAMBALO
19,Cauca,392,LA SIERRA
19,Cauca,397,LA VEGA
19,Cauca,418,LOPEZ (MICAY)
19,Cauca,450,MERCADERES
19,Cauca,455,MIRANDA
19,Cauca,473,MORALES
19,Cauca,513,PADILLA
19,Cauca,517,PAEZ (BELALCAZAR)
19,Cauca,532,PATIA (EL BORDO)
19,Cauca,533,PIAMONTE
19,Cauca,548,PIENDAMO
19,Cauca,573,PUERTO TEJADA
19,Cauca,585,PURACE (COCONUCO)
19,Cauca,622,ROSAS
19,Cauca,693,SAN SEBASTIAN
19,Cauca,698,SANTANDER DE QUILICHAO
19,Cauca,701,SANTA ROSA
19,Cauca,743,SILVIA
19,Cauca,760,SOTARA (PAISPAMBA)
19,Cauca,780,SUAREZ
19,Cauca,807,TIMBIO
19,Cauca,809,TIMBIQUI
19,Cauca,821,TORIBIO
19,Cauca,824,TOTORO
19,Cauca,845,VILLARICA
20,Cesar,001,VALLEDUPAR
20,Cesar,011,AGUACHICA
20,Cesar,013,AGUSTIN CODAZZI
20,Cesar,032,ASTREA
20,Cesar,045,BECERRIL
20,Cesar,060,BOSCONIA
20,Cesar,175,CHIMICHAGUA
20,Cesar,178,CHIRIGUANA
20,Cesar,228,CURUMANI
20,Cesar,238,EL COPEY
20,Cesar,250,EL PASO
20,Cesar,295,GAMARRA
20,Cesar,310,GONZALEZ
20,Cesar,383,LA GLORIA
20,Cesar,400,LA JAGUA IBIRICO
20,Cesar,443,"MANAURE (BALCON DEL 
CESAR)"
20,Cesar,517,PAILITAS
20,Cesar,550,PELAYA
20,Cesar,570,PUEBLO BELLO
20,Cesar,614,RIO DE ORO
20,Cesar,621,LA PAZ (ROBLES)
20,Cesar,710,SAN ALBERTO
20,Cesar,750,SAN DIEGO
20,Cesar,770,SAN MARTIN
20,Cesar,787,TAMALAMEQUE
23,Cordova,001,MONTERIA
23,Cordova,068,AYAPEL
23,Cordova,079,BUENAVISTA
23,Cordova,090,CANALETE
23,Cordova,162,CERETE
23,Cordova,168,CHIMA
23,Cordova,182,CHINU
23,Cordova,189,CIENAGA DE ORO
23,Cordova,300,COTORRA
23,Cordova,350,LA APARTADA
23,Cordova,417,LORICA
23,Cordova,419,LOS CORDOBAS
23,Cordova,464,MOMIL
23,Cordova,466,MONTELIBANO
23,Cordova,500,MOÑITOS
23,Cordova,555,PLANETA RICA
23,Cordova,570,PUEBLO NUEVO
23,Cordova,574,PUERTO ESCONDIDO
23,Cordova,580,PUERTO LIBERTADOR
23,Cordova,586,PURISIMA
23,Cordova,660,SAHAGUN
23,Cordova,670,SAN ANDRES SOTAVENTO
23,Cordova,672,SAN ANTERO
23,Cordova,675,"SAN BERNARDO DEL 
VIENTO"
23,Cordova,678,SAN CARLOS
23,Cordova,686,SAN PELAYO
23,Cordova,807,TIERRALTA
23,Cordova,855,VALENCIA
25,Cundinamarca,001,AGUA DE DIOS
25,Cundinamarca,019,ALBAN
25,Cundinamarca,035,ANAPOIMA
25,Cundinamarca,040,ANOLAIMA
25,Cundinamarca,053,ARBELAEZ
25,Cundinamarca,086,BELTRAN
25,Cundinamarca,095,BITUIMA
25,Cundinamarca,099,BOJACA
25,Cundinamarca,120,CABRERA
25,Cundinamarca,123,CACHIPAY
25,Cundinamarca,126,CAJICA
25,Cundinamarca,148,CAPARRAPI
25,Cundinamarca,151,CAQUEZA
25,Cundinamarca,154,CARMEN DE CARUPA
25,Cundinamarca,168,CHAGUANI
25,Cundinamarca,175,CHIA
25,Cundinamarca,178,CHIPAQUE
25,Cundinamarca,181,CHOACHI
25,Cundinamarca,183,CHOCONTA
25,Cundinamarca,200,COGUA
25,Cundinamarca,214,COTA
25,Cundinamarca,224,CUCUNUBA
25,Cundinamarca,245,EL COLEGIO
25,Cundinamarca,258,EL PEÑON
25,Cundinamarca,260,EL ROSAL
25,Cundinamarca,269,FACATATIVA
25,Cundinamarca,279,FOMEQUE
25,Cundinamarca,281,FOSCA
25,Cundinamarca,286,FUNZA
25,Cundinamarca,288,FUQUENE
25,Cundinamarca,290,FUSAGASUGA
25,Cundinamarca,293,GACHALA
25,Cundinamarca,295,GACHANCIPA
25,Cundinamarca,297,GACHETA
25,Cundinamarca,299,GAMA
25,Cundinamarca,307,GIRARDOT
25,Cundinamarca,312,GRANADA
25,Cundinamarca,317,GUACHETA
25,Cundinamarca,320,GUADUAS
25,Cundinamarca,322,GUASCA
25,Cundinamarca,324,GUATAQUI
25,Cundinamarca,326,GUATAVITA
25,Cundinamarca,328,GUAYABAL DE SIQUIMA
25,Cundinamarca,335,GUAYABETAL
25,Cundinamarca,339,GUTIERREZ
25,Cundinamarca,368,JERUSALEN
25,Cundinamarca,372,JUNIN
25,Cundinamarca,377,LA CALERA
25,Cundinamarca,386,LA MESA
25,Cundinamarca,394,LA PALMA
25,Cundinamarca,398,LA PEÑA
25,Cundinamarca,402,LA VEGA
25,Cundinamarca,407,LENGUAZAQUE
25,Cundinamarca,426,MACHETA
25,Cundinamarca,430,MADRID
25,Cundinamarca,436,MANTA
25,Cundinamarca,438,MEDINA
25,Cundinamarca,473,MOSQUERA
25,Cundinamarca,483,NARIÑO
25,Cundinamarca,486,NEMOCON
25,Cundinamarca,488,NILO
25,Cundinamarca,489,NIMAIMA
25,Cundinamarca,491,NOCAIMA
25,Cundinamarca,506,VENECIA (OSPINA PEREZ)
25,Cundinamarca,513,PACHO
25,Cundinamarca,518,PAIME
25,Cundinamarca,524,PANDI
25,Cundinamarca,530,PARATEBUENO
25,Cundinamarca,535,PASCA
25,Cundinamarca,572,PUERTO SALGAR
25,Cundinamarca,580,PULI
25,Cundinamarca,592,QUEBRADANEGRA
25,Cundinamarca,594,QUETAME
25,Cundinamarca,596,QUIPILE
25,Cundinamarca,599,APULO (RAFAEL REYES)
25,Cundinamarca,612,RICAURTE
25,Cundinamarca,645,"SAN  ANTONIO DEL  
TEQUENDAMA"
25,Cundinamarca,649,SAN BERNARDO
25,Cundinamarca,653,SAN CAYETANO
25,Cundinamarca,658,SAN FRANCISCO
25,Cundinamarca,662,SAN JUAN DE RIOSECO
25,Cundinamarca,718,SASAIMA
25,Cundinamarca,736,SESQUILE
25,Cundinamarca,740,SIBATE
25,Cundinamarca,743,SILVANIA
25,Cundinamarca,745,SIMIJACA
25,Cundinamarca,754,SOACHA
25,Cundinamarca,758,SOPO
25,Cundinamarca,769,SUBACHOQUE
25,Cundinamarca,772,SUESCA
25,Cundinamarca,777,SUPATA
25,Cundinamarca,779,SUSA
25,Cundinamarca,781,SUTATAUSA
25,Cundinamarca,785,TABIO
25,Cundinamarca,793,TAUSA
25,Cundinamarca,797,TENA
25,Cundinamarca,799,TENJO
25,Cundinamarca,805,TIBACUY
25,Cundinamarca,807,TIBIRITA
25,Cundinamarca,815,TOCAIMA
25,Cundinamarca,817,TOCANCIPA
25,Cundinamarca,823,TOPAIPI
25,Cundinamarca,839,UBALA
25,Cundinamarca,841,UBAQUE
25,Cundinamarca,843,UBATE
25,Cundinamarca,845,UNE
25,Cundinamarca,851,UTICA
25,Cundinamarca,862,VERGARA
25,Cundinamarca,867,VIANI
25,Cundinamarca,871,VILLAGOMEZ
25,Cundinamarca,873,VILLAPINZON
25,Cundinamarca,875,VILLETA
25,Cundinamarca,878,VIOTA
25,Cundinamarca,885,YACOPI
25,Cundinamarca,898,ZIPACON
25,Cundinamarca,899,ZIPAQUIRA
27,Choco,001,"QUIBDO (SAN FRANCISCO 
DE QUIBDO)"
27,Choco,006,ACANDI
27,Choco,025,ALTO BAUDO (PIE DE PATO)
27,Choco,050,ATRATO
27,Choco,073,BAGADO
27,Choco,075,BAHIA SOLANO (MUTIS)
27,Choco,077,BAJO BAUDO (PIZARRO)
27,Choco,099,BOJAYA (BELLAVISTA)
27,Choco,135,"CANTON DE SAN PABLO 
(MANAGRU)"
27,Choco,205,CONDOTO
27,Choco,245,EL CARMEN DE ATRATO
27,Choco,250,"LITORAL DEL BAJO SAN 
JUAN (SANTA GENOVEVA DE 
DOCORDO)"
27,Choco,361,ISTMINA
27,Choco,372,JURADO
27,Choco,413,LLORO
27,Choco,425,MEDIO ATRATO
27,Choco,430,MEDIO BAUDO
27,Choco,491,NOVITA
27,Choco,495,NUQUI
27,Choco,600,RIOQUITO
27,Choco,615,RIOSUCIO
27,Choco,660,SAN JOSE DEL PALMAR
27,Choco,745,SIPI
27,Choco,787,TADO
27,Choco,800,UNGUIA
27,Choco,810,UNION PANAMERICANA
41,Huila,001,NEIVA
41,Huila,006,ACEVEDO
41,Huila,013,AGRADO
41,Huila,016,AIPE
41,Huila,020,ALGECIRAS
41,Huila,026,ALTAMIRA
41,Huila,078,BARAYA
41,Huila,132,CAMPOALEGRE
41,Huila,206,COLOMBIA
41,Huila,244,ELIAS
41,Huila,298,GARZON
41,Huila,306,GIGANTE
41,Huila,319,GUADALUPE
41,Huila,349,HOBO
41,Huila,357,IQUIRA
41,Huila,359,ISNOS (SAN JOSE DE ISNOS)
41,Huila,378,LA ARGENTINA
41,Huila,396,LA PLATA
41,Huila,483,NATAGA
41,Huila,503,OPORAPA
41,Huila,518,PAICOL
41,Huila,524,PALERMO
41,Huila,530,PALESTINA
41,Huila,548,PITAL
41,Huila,551,PITALITO
41,Huila,615,RIVERA
41,Huila,660,SALADOBLANCO
41,Huila,668,SAN AGUSTIN
41,Huila,676,SANTA MARIA
41,Huila,770,SUAZA
41,Huila,791,TARQUI
41,Huila,797,TESALIA
41,Huila,799,TELLO
41,Huila,801,TERUEL
41,Huila,807,TIMANA
41,Huila,872,VILLAVIEJA
41,Huila,885,YAGUARA
44,La Guajira,001,RIOHACHA
44,La Guajira,078,BARRANCAS
44,La Guajira,090,DIBULLA
44,La Guajira,098,DISTRACCION
44,La Guajira,110,EL MOLINO
44,La Guajira,279,FONSECA
44,La Guajira,378,HATONUEVO
44,La Guajira,420,LA JAGUA DEL PILAR
44,La Guajira,430,MAICAO
44,La Guajira,560,MANAURE
44,La Guajira,650,SAN JUAN DEL CESAR
44,La Guajira,847,URIBIA
44,La Guajira,855,URUMITA
44,La Guajira,874,VILLANUEVA
47,Magdalena,001,"SANTA MARTA (DISTRITO 
TURISTICO, CULTURAL E 
HISTORICODE SANTA 
MARTA)"
47,Magdalena,030,ALGARROBO
47,Magdalena,053,ARACATACA
47,Magdalena,058,ARIGUANI (EL DIFICIL)
47,Magdalena,161,CERRO SAN ANTONIO
47,Magdalena,170,CHIVOLO
47,Magdalena,189,CIENAGA
47,Magdalena,205,CONCORDIA
47,Magdalena,245,EL BANCO
47,Magdalena,258,EL PIÑON
47,Magdalena,268,EL RETEN
47,Magdalena,288,FUNDACION
47,Magdalena,318,GUAMAL
47,Magdalena,541,PEDRAZA
47,Magdalena,545,"PIJIÑO DEL CARMEN 
(PIJIÑO)"
47,Magdalena,551,PIVIJAY
47,Magdalena,555,PLATO
47,Magdalena,570,PUEBLOVIEJO
47,Magdalena,605,REMOLINO
47,Magdalena,660,SABANAS DE SAN ANGEL
47,Magdalena,675,SALAMINA
47,Magdalena,692,"SAN SEBASTIAN DE 
BUENAVISTA"
47,Magdalena,703,SAN ZENON
47,Magdalena,707,SANTA ANA
47,Magdalena,745,SITIONUEVO
47,Magdalena,798,TENERIFE
50,Meta,001,VILLAVICENCIO
50,Meta,006,ACACIAS
50,Meta,110,BARRANCA DE UPIA
50,Meta,124,CABUYARO
50,Meta,150,CASTILLA LA NUEVA
50,Meta,223,SAN LUIS DE CUBARRAL
50,Meta,226,CUMARAL
50,Meta,245,EL CALVARIO
50,Meta,251,EL CASTILLO
50,Meta,270,EL DORADO
50,Meta,287,FUENTE DE ORO
50,Meta,313,GRANADA
50,Meta,318,GUAMAL
50,Meta,325,MAPIRIPAN
50,Meta,330,MESETAS
50,Meta,350,LA MACARENA
50,Meta,370,LA URIBE
50,Meta,400,LEJANIAS
50,Meta,450,PUERTO CONCORDIA
50,Meta,568,PUERTO GAITAN
50,Meta,573,PUERTO LOPEZ
50,Meta,577,PUERTO LLERAS
50,Meta,590,PUERTO RICO
50,Meta,606,RESTREPO
50,Meta,680,SAN CARLOS DE GUAROA
50,Meta,683,SAN  JUAN DE ARAMA
50,Meta,686,SAN JUANITO
50,Meta,689,SAN MARTIN
50,Meta,711,VISTAHERMOSA
52,Nariño,001,"PASTO (SAN JUAN DE 
PASTO)"
52,Nariño,019,ALBAN (SAN JOSE)
52,Nariño,022,ALDANA
52,Nariño,036,ANCUYA
52,Nariño,051,ARBOLEDA (BERRUECOS)
52,Nariño,079,BARBACOAS
52,Nariño,083,BELEN
52,Nariño,110,BUESACO
52,Nariño,203,COLON (GENOVA)
52,Nariño,207,CONSACA
52,Nariño,210,CONTADERO
52,Nariño,215,CORDOBA
52,Nariño,224,CUASPUD (CARLOSAMA)
52,Nariño,227,CUMBAL
52,Nariño,233,CUMBITARA
52,Nariño,240,CHACHAGUI
52,Nariño,250,EL CHARCO
52,Nariño,254,EL PEÑOL
52,Nariño,256,EL ROSARIO
52,Nariño,258,EL TABLON
52,Nariño,260,EL TAMBO
52,Nariño,287,FUNES
52,Nariño,317,GUACHUCAL
52,Nariño,320,GUAITARILLA
52,Nariño,323,GUALMATAN
52,Nariño,352,ILES
52,Nariño,354,IMUES
52,Nariño,356,IPIALES
52,Nariño,378,LA CRUZ
52,Nariño,381,LA FLORIDA
52,Nariño,385,LA LLANADA
52,Nariño,390,LA TOLA
52,Nariño,399,LA UNION
52,Nariño,405,LEIVA
52,Nariño,411,LINARES
52,Nariño,418,LOS ANDES (SOTOMAYOR)
52,Nariño,427,MAGUI (PAYAN)
52,Nariño,435,MALLAMA (PIEDRANCHA)
52,Nariño,473,MOSQUERA
52,Nariño,490,"OLAYA HERRERA (BOCAS 
DE SATINGA)"
52,Nariño,506,OSPINA
52,Nariño,520,"FRANCISCO PIZARRO 
(SALAHONDA)"
52,Nariño,540,POLICARPA
52,Nariño,560,POTOSI
52,Nariño,565,PROVIDENCIA
52,Nariño,573,PUERRES
52,Nariño,585,PUPIALES
52,Nariño,612,RICAURTE
52,Nariño,621,"ROBERTO PAYAN (SAN 
JOSE)"
52,Nariño,678,SAMANIEGO
52,Nariño,683,SANDONA
52,Nariño,685,SAN BERNARDO
52,Nariño,687,SAN LORENZO
52,Nariño,693,SAN PABLO
52,Nariño,694,SAN PEDRO DE CARTAGO
52,Nariño,696,"SANTA BARBARA 
(ISCUANDE)"
52,Nariño,699,SANTA CRUZ (GUACHAVES)
52,Nariño,720,SAPUYES
52,Nariño,786,TAMINANGO
52,Nariño,788,TANGUA
52,Nariño,835,TUMACO
52,Nariño,838,TUQUERRES
52,Nariño,885,YACUANQUER
54,Norte de Santander,001,CUCUTA
54,Norte de Santander,003,ABREGO
54,Norte de Santander,051,ARBOLEDAS
54,Norte de Santander,099,BOCHALEMA
54,Norte de Santander,109,BUCARASICA
54,Norte de Santander,125,CACOTA
54,Norte de Santander,128,CACHIRA
54,Norte de Santander,172,CHINACOTA
54,Norte de Santander,174,CHITAGA
54,Norte de Santander,206,CONVENCION
54,Norte de Santander,223,CUCUTILLA
54,Norte de Santander,239,DURANIA
54,Norte de Santander,245,EL CARMEN
54,Norte de Santander,250,EL TARRA
54,Norte de Santander,261,EL ZULIA
54,Norte de Santander,313,GRAMALOTE
54,Norte de Santander,344,HACARI
54,Norte de Santander,347,HERRAN
54,Norte de Santander,377,LABATECA
54,Norte de Santander,385,LA ESPERANZA
54,Norte de Santander,398,LA PLAYA
54,Norte de Santander,405,LOS PATIOS
54,Norte de Santander,418,LOURDES
54,Norte de Santander,480,MUTISCUA
54,Norte de Santander,498,OCAÑA
54,Norte de Santander,518,PAMPLONA
54,Norte de Santander,520,PAMPLONITA
54,Norte de Santander,553,PUERTO SANTANDER
54,Norte de Santander,599,RAGONVALIA
54,Norte de Santander,660,SALAZAR
54,Norte de Santander,670,SAN CALIXTO
54,Norte de Santander,673,SAN CAYETANO
54,Norte de Santander,680,SANTIAGO
54,Norte de Santander,720,SARDINATA
54,Norte de Santander,743,SILOS
54,Norte de Santander,800,TEORAMA
54,Norte de Santander,810,TIBU
54,Norte de Santander,820,TOLEDO
54,Norte de Santander,871,VILLACARO
54,Norte de Santander,874,VILLA DEL ROSARIO
63,Quindio,001,ARMENIA
63,Quindio,111,BUENAVISTA
63,Quindio,130,CALARCA
63,Quindio,190,CIRCASIA
63,Quindio,212,CORDOBA
63,Quindio,272,FILANDIA
63,Quindio,302,GENOVA
63,Quindio,401,LA TEBAIDA
63,Quindio,470,MONTENEGRO
63,Quindio,548,PIJAO
63,Quindio,594,QUIMBAYA
63,Quindio,690,SALENTO
66,Risaralda,001,PEREIRA
66,Risaralda,045,APIA
66,Risaralda,075,BALBOA
66,Risaralda,088,BELEN DE UMBRIA
66,Risaralda,170,DOS QUEBRADAS
66,Risaralda,318,GUATICA
66,Risaralda,383,LA CELIA
66,Risaralda,400,LA VIRGINIA
66,Risaralda,440,MARSELLA
66,Risaralda,456,MISTRATO
66,Risaralda,572,PUEBLO RICO
66,Risaralda,594,QUINCHIA
66,Risaralda,682,SANTA ROSA DE CABAL
66,Risaralda,687,SANTUARIO
68,Santander,001,BUCARAMANGA
68,Santander,013,AGUADA
68,Santander,020,ALBANIA
68,Santander,051,ARATOCA
68,Santander,077,BARBOSA
68,Santander,079,BARICHARA
68,Santander,081,BARRANCABERMEJA
68,Santander,092,BETULIA
68,Santander,101,BOLIVAR
68,Santander,121,CABRERA
68,Santander,132,CALIFORNIA
68,Santander,147,CAPITANEJO
68,Santander,152,CARCASI
68,Santander,160,CEPITA
68,Santander,162,CERRITO
68,Santander,167,CHARALA
68,Santander,169,CHARTA
68,Santander,176,CHIMA
68,Santander,179,CHIPATA
68,Santander,190,CIMITARRA
68,Santander,207,CONCEPCION
68,Santander,209,CONFINES
68,Santander,211,CONTRATACION
68,Santander,217,COROMORO
68,Santander,229,CURITI
68,Santander,235,EL CARMEN DE CHUCURY
68,Santander,245,EL GUACAMAYO
68,Santander,250,EL PEÑON
68,Santander,255,EL PLAYON
68,Santander,264,ENCINO
68,Santander,266,ENCISO
68,Santander,271,FLORIAN
68,Santander,276,FLORIDABLANCA
68,Santander,296,GALAN
68,Santander,298,GAMBITA
68,Santander,307,GIRON
68,Santander,318,GUACA
68,Santander,320,GUADALUPE
68,Santander,322,GUAPOTA
68,Santander,324,GUAVATA
68,Santander,327,GUEPSA
68,Santander,344,HATO
68,Santander,368,JESUS MARIA
68,Santander,370,JORDAN
68,Santander,377,LA BELLEZA
68,Santander,385,LANDAZURI
68,Santander,397,LA PAZ
68,Santander,406,LEBRIJA
68,Santander,418,LOS SANTOS
68,Santander,425,MACARAVITA
68,Santander,432,MALAGA
68,Santander,444,MATANZA
68,Santander,464,MOGOTES
68,Santander,468,MOLAGAVITA
68,Santander,498,OCAMONTE
68,Santander,500,OIBA
68,Santander,502,ONZAGA
68,Santander,522,PALMAR
68,Santander,524,PALMAS DEL SOCORRO
68,Santander,533,PARAMO
68,Santander,547,PIEDECUESTA
68,Santander,549,PINCHOTE
68,Santander,572,PUENTE NACIONAL
68,Santander,573,PUERTO PARRA
68,Santander,575,PUERTO WILCHES
68,Santander,615,RIONEGRO
68,Santander,655,SABANA DE TORRES
68,Santander,669,SAN ANDRES
68,Santander,673,SAN BENITO
68,Santander,679,SAN GIL
68,Santander,682,SAN JOAQUIN
68,Santander,684,SAN JOSE DE MIRANDA
68,Santander,686,SAN MIGUEL
68,Santander,689,SAN VICENTE DE CHUCURI
68,Santander,705,SANTA BARBARA
68,Santander,720,SANTA HELENA DEL OPON
68,Santander,745,SIMACOTA
68,Santander,755,SOCORRO
68,Santander,770,SUAITA
68,Santander,773,SUCRE
68,Santander,780,SURATA
68,Santander,820,TONA
68,Santander,855,VALLE SAN JOSE
68,Santander,861,VELEZ
68,Santander,867,VETAS
68,Santander,872,VILLANUEVA
68,Santander,895,ZAPATOCA
70,Sucre,001,SINCELEJO
70,Sucre,110,BUENAVISTA
70,Sucre,124,CAIMITO
70,Sucre,204,COLOSO (RICAURTE)
70,Sucre,215,COROZAL
70,Sucre,230,CHALAN
70,Sucre,235,"GALERAS (NUEVA 
GRANADA)"
70,Sucre,265,GUARANDA
70,Sucre,400,LA UNION
70,Sucre,418,LOS PALMITOS
70,Sucre,429,MAJAGUAL
70,Sucre,473,MORROA
70,Sucre,508,OVEJAS
70,Sucre,523,PALMITO
70,Sucre,670,SAMPUES
70,Sucre,678,SAN BENITO ABAD
70,Sucre,702,SAN JUAN DE BETULIA
70,Sucre,708,SAN MARCOS
70,Sucre,713,SAN ONOFRE
70,Sucre,717,SAN PEDRO
70,Sucre,742,SINCE
70,Sucre,771,SUCRE
70,Sucre,820,TOLU
70,Sucre,823,TOLUVIEJO
73,Tolima,001,IBAGUE
73,Tolima,024,ALPUJARRA
73,Tolima,026,ALVARADO
73,Tolima,030,AMBALEMA
73,Tolima,043,ANZOATEGUI
73,Tolima,055,ARMERO (GUAYABAL)
73,Tolima,067,ATACO
73,Tolima,124,CAJAMARCA
73,Tolima,148,CARMEN APICALA
73,Tolima,152,CASABIANCA
73,Tolima,168,CHAPARRAL
73,Tolima,200,COELLO
73,Tolima,217,COYAIMA
73,Tolima,226,CUNDAY
73,Tolima,236,DOLORES
73,Tolima,268,ESPINAL
73,Tolima,270,FALAN
73,Tolima,275,FLANDES
73,Tolima,283,FRESNO
73,Tolima,319,GUAMO
73,Tolima,347,HERVEO
73,Tolima,349,HONDA
73,Tolima,352,ICONONZO
73,Tolima,408,LERIDA
73,Tolima,411,LIBANO
73,Tolima,443,MARIQUITA
73,Tolima,449,MELGAR
73,Tolima,461,MURILLO
73,Tolima,483,NATAGAIMA
73,Tolima,504,ORTEGA
73,Tolima,520,PALOCABILDO
73,Tolima,547,PIEDRAS
73,Tolima,555,PLANADAS
73,Tolima,563,PRADO
73,Tolima,585,PURIFICACION
73,Tolima,616,RIOBLANCO
73,Tolima,622,RONCESVALLES
73,Tolima,624,ROVIRA
73,Tolima,671,SALDAÑA
73,Tolima,675,SAN ANTONIO
73,Tolima,678,SAN LUIS
73,Tolima,686,SANTA ISABEL
73,Tolima,770,SUAREZ
73,Tolima,854,VALLE DE SAN JUAN
73,Tolima,861,VENADILLO
73,Tolima,870,VILLAHERMOSA
73,Tolima,873,VILLARRICA
76,Valle,001,CALI (SANTIAGO DE CALI)
76,Valle,020,ALCALA
76,Valle,036,ANDALUCIA
76,Valle,041,ANSERMANUEVO
76,Valle,054,ARGELIA
76,Valle,100,BOLIVAR
76,Valle,109,BUENAVENTURA
76,Valle,111,BUGA
76,Valle,113,BUGALAGRANDE
76,Valle,122,CAICEDONIA
76,Valle,126,CALIMA (DARIEN)
76,Valle,130,CANDELARIA
76,Valle,147,CARTAGO
76,Valle,233,DAGUA
76,Valle,243,EL AGUILA
76,Valle,246,EL CAIRO
76,Valle,248,EL CERRITO
76,Valle,250,EL DOVIO
76,Valle,275,FLORIDA
76,Valle,306,GINEBRA
76,Valle,318,GUACARI
76,Valle,364,JAMUNDI
76,Valle,377,LA CUMBRE
76,Valle,400,LA UNION
76,Valle,403,LA VICTORIA
76,Valle,497,OBANDO
76,Valle,520,PALMIRA
76,Valle,563,PRADERA
76,Valle,606,RESTREPO
76,Valle,616,RIOFRIO
76,Valle,622,ROLDANILLO
76,Valle,670,SAN PEDRO
76,Valle,736,SEVILLA
76,Valle,823,TORO
76,Valle,828,TRUJILLO
76,Valle,834,TULUA
76,Valle,845,ULLOA
76,Valle,863,VERSALLES
76,Valle,869,VIJES
76,Valle,890,YOTOCO
76,Valle,892,YUMBO
76,Valle,895,ZARZAL
81,Arauca,001,ARAUCA
81,Arauca,065,ARAUQUITA
81,Arauca,220,CRAVO NORTE
81,Arauca,300,FORTUL
81,Arauca,591,PUERTO RONDON
81,Arauca,736,SARAVENA
81,Arauca,794,TAME
85,Casanare,001,YOPAL
85,Casanare,010,AGUAZUL
85,Casanare,015,CHAMEZA
85,Casanare,125,HATO COROZAL
85,Casanare,136,LA SALINA
85,Casanare,139,MANI
85,Casanare,162,MONTERREY
85,Casanare,225,NUNCHIA
85,Casanare,230,OROCUE
85,Casanare,250,PAZ DE ARIPORO
85,Casanare,263,PORE
85,Casanare,279,RECETOR
85,Casanare,300,SABANALARGA
85,Casanare,315,SACAMA
85,Casanare,325,SAN LUIS DE PALENQUE
85,Casanare,400,TAMARA
85,Casanare,410,TAURAMENA
85,Casanare,430,TRINIDAD
85,Casanare,440,VILLANUEVA
86,Putumayo,001,MOCOA
86,Putumayo,219,COLON
86,Putumayo,320,ORITO
86,Putumayo,568,PUERTO ASIS
86,Putumayo,569,PUERTO CAICEDO
86,Putumayo,571,PUERTO GUZMAN
86,Putumayo,573,PUERTO LEGUIZAMO
86,Putumayo,749,SIBUNDOY
86,Putumayo,755,SAN FRANCISCO
86,Putumayo,757,SAN MIGUEL (LA DORADA)
86,Putumayo,760,SANTIAGO
86,Putumayo,865,"LA HORMIGA (VALLE DEL 
GUAMUEZ)"
86,Putumayo,885,VILLAGARZON
88,San Andres,001,SAN ANDRES
88,San Andres,564,PROVIDENCIA
91,Amazonas,001,LETICIA
91,Amazonas,263,EL ENCANTO
91,Amazonas,405,LA CHORRERA
91,Amazonas,407,LA PEDRERA
91,Amazonas,430,LA VICTORIA
91,Amazonas,460,MIRITI-PARANA
91,Amazonas,530,PUERTO ALEGRIA
91,Amazonas,536,PUERTO ARICA
91,Amazonas,540,PUERTO NARIÑO
91,Amazonas,669,PUERTO SANTANDER
91,Amazonas,798,TARAPACA
94,Guainia,001,PUERTO INIRIDA
94,Guainia,343,BARRANCO MINAS
94,Guainia,883,SAN FELIPE
94,Guainia,884,PUERTO COLOMBIA
94,Guainia,885,LA GUADALUPE
94,Guainia,886,CACAHUAL
94,Guainia,887,"PANA PANA (CAMPO 
ALEGRE)"
94,Guainia,888,"MORICHAL (MORICHAL 
NUEVO)"
95,Guaviare,001,SAN JOSE DEL GUAVIARE
95,Guaviare,015,CALAMAR
95,Guaviare,025,EL RETORNO
95,Guaviare,200,MIRAFLORES
97,Vaupes,001,MITU
97,Vaupes,161,CARURU
97,Vaupes,511,PACOA
97,Vaupes,666,TARAIRA
97,Vaupes,777,PAPUNAUA (MORICHAL)
97,Vaupes,889,YAVARATE
99,Vichada,001,PUERTO CARREÑO
99,Vichada,524,LA PRIMAVERA
99,Vichada,572,SANTA RITA
99,Vichada,666,SANTA ROSALIA
99,Vichada,760,SAN JOSE DE OCUNE
99,Vichada,773,CUMARIBO
